year,1,2_location,2_market,3,total,yoy_change_pct,sbti_target
2021,7613.050139999999,83310.556098,1627.923855,12316.12549507,104867.65558807,,104867.65558807
2022,7612.388292000001,83568.072665,1625.233455,12357.66742239,105163.36183439,0.2819804110826718,100463.21405337106
2023,7674.450468,83642.757429,1633.6478150000003,12422.18431344,105373.04002544,0.19938330935083126,96243.75906312947
